id,name,smiles,C_4,H_4,N_4,O_4,C_7,H_7,N_7,O_7,C_prime,N_prime,O_prime
1,PETN-CH (liquid),O=N(=O)OCC(CON(=O)=O)CON(=O)=O,4,7,3,9,4,7,0,3,0,3,6
2,PETN-CMe,CC(CON(=O)=O)(CON(=O)=O)CON(=O)=O,5,9,3,9,5,9,0,3,0,3,6
3,PETN,C(C(CO[N+](=O)[O-])(CO[N+](=O)[O-])CO[N+](=O)[O-])O[N+](=O)[O-],5,8,4,12,5,8,0,4,0,4,8
4,PETN-CH (solid),O=N(=O)OCC(CON(=O)=O)CON(=O)=O,4,7,3,9,4,7,0,3,0,3,6
5,PETN-CNH2,NC(CON(=O)=O)(CON(=O)=O)CON(=O)=O,4,8,4,9,4,8,1,3,0,3,6
6,DNBTT,O=N(=O)c3nc2[nH]n1nc(N(=O)=O)nc1[nH]n2n3,4,2,10,4,0,2,2,0,4,8,4
7,AmTetTzDO,Nc2nn1nn(=O)nc1nn2=O,2,2,8,2,0,2,3,0,2,5,2
8,PTX,Nc1c(N(=O)=O)nnc2c(N(=O)=O)c(N(=O)=O)nn12,5,2,8,6,0,2,1,0,5,7,6
9,DADNBT,Nn1nc(N(=O)=O)nc1c2nc(N(=O)=O)nn2N,4,4,10,4,0,4,2,0,4,8,4
10,DATrF,n6nc1nonc1c2nonc2c3nonc3nnc4nonc4c5nonc5c7nonc67,12,0,16,6,0,0,0,6,12,16,0
11,DPX-26,Nc1c(N(=O)=O)nnc2nc(N(=O)=O)nn12,4,2,8,4,0,2,1,0,4,7,4
12,P2Tz,O=N(=O)OCC(COc1nnc(OCC(CON(=O)=O)(CON(=O)=O)CON(=O)=O)nn1)(CON(=O)=O)CON(=O)=O,12,16,10,20,10,16,0,8,2,10,12
13,BNDD,O=N(=O)c1nonc1c3noc(c2nonc2N(=O)=O)no3,6,0,8,8,0,0,0,4,6,8,4
14,BTMN-V3,O=N(=O)N(Cc1nnn[nH]1)Cc2nnn[nH]2,4,6,10,2,2,6,1,0,2,9,2
15,ETN,C(C(C(CO[N+](=O)[O-])O[N+](=O)[O-])O[N+](=O)[O-])O[N+](=O)[O-],4,6,4,12,4,6,0,4,0,4,8
16,L-ETN,O=N(=O)OC[C@H](ON(=O)=O)[C@H](CON(=O)=O)ON(=O)=O,4,6,4,12,4,6,0,4,0,4,8
17,D-ETN,O=N(=O)OC[C@@H](ON(=O)=O)[C@@H](CON(=O)=O)ON(=O)=O,4,6,4,12,4,6,0,4,0,4,8
18,MHN,O=N(=O)OC[C@@H](ON(=O)=O)[C@@H](ON(=O)=O)[C@H](ON(=O)=O)[C@@H](CON(=O)=O)ON(=O)=O,6,8,6,18,6,8,0,6,0,6,12
19,SHN,O=N(=O)OC[C@@H](ON(=O)=O)[C@@H](ON(=O)=O)[C@H](ON(=O)=O)[C@H](CON(=O)=O)ON(=O)=O,6,8,6,18,6,8,0,6,0,6,12
20,ETA,N#N=NCC(N=N#N)C(CN=N#N)N=N#N,4,6,12,0,4,6,0,0,0,12,0
21,ETNA,O=N(=O)NCC(NN(=O)=O)C(CNN(=O)=O)NN(=O)=O,4,10,8,8,4,10,4,0,0,4,8
22,EDNDN,O=N(=O)NCC(ON(=O)=O)C(CNN(=O)=O)ON(=O)=O,4,8,6,10,4,8,2,2,0,4,8
23,EDADN,N#N=NCC(ON(=O)=O)C(CN=N#N)ON(=O)=O,4,6,8,6,4,6,0,2,0,8,4
24,TNB-OH1,O=N(=O)c1cc(N(=O)=O)c(O)c(N(=O)=O)c1,6,3,3,7,0,3,0,1,6,3,6
25,TNB-OH3,O=N(=O)c1c(O)c(N(=O)=O)c(O)c(N(=O)=O)c1O,6,3,3,9,0,3,0,3,6,3,6
26,RDX 455-7,O=N(=O)N1CN(N(=O)=O)CN(N(=O)=O)C1,3,6,6,6,3,6,3,0,0,3,6
27,HMX 009,O=N(=O)N1CN(N(=O)=O)CN(N(=O)=O)CN(N(=O)=O)C1,4,8,8,8,4,8,4,0,0,4,8
28,DAAFox RDD-16F-055-051,Nc1nonc1/N=N(=O)/c2nonc2N,4,4,8,3,0,4,2,3,4,6,0
29,HNB,O=N(=O)c1c(N(=O)=O)c(N(=O)=O)c(N(=O)=O)c(N(=O)=O)c1N(=O)=O,6,0,6,12,0,0,0,0,6,6,12
30,PNB,O=N(=O)c1cc(N(=O)=O)c(N(=O)=O)c(N(=O)=O)c1N(=O)=O,6,1,5,10,0,1,0,0,6,5,10
31,TetNB,O=N(=O)c1cc(N(=O)=O)c(N(=O)=O)c(N(=O)=O)c1,6,2,4,8,0,2,0,0,6,4,8
32,TNB,C1=C(C=C(C=C1[N+](=O)[O-])[N+](=O)[O-])[N+](=O)[O-],6,3,3,6,0,3,0,0,6,3,6
33,Picric acid,C1=C(C=C(C(=C1[N+](=O)[O-])O)[N+](=O)[O-])[N+](=O)[O-],6,3,3,7,0,3,0,1,6,3,6
34,PNA,C1(=C(C(=C(C(=C1[N+](=O)[O-])[N+](=O)[O-])[N+](=O)[O-])[N+](=O)[O-])[N+](=O)[O-])N,6,2,6,10,0,2,0,0,6,6,10
35,TetNA,C1=C(C(=C(C(=C1[N+](=O)[O-])[N+](=O)[O-])[N+](=O)[O-])N)[N+](=O)[O-],6,3,5,8,0,3,0,0,6,5,8
36,TNA,C1=C(C=C(C(=C1[N+](=O)[O-])N)[N+](=O)[O-])[N+](=O)[O-],6,4,4,6,0,4,0,0,6,4,6
37,DATB,C1=C(C(=C(C(=C1[N+](=O)[O-])N)[N+](=O)[O-])N)[N+](=O)[O-],6,5,5,6,0,5,0,0,6,5,6
38,TATB,c1(c(c(c(c(c1[N+](=O)[O-])N)[N+](=O)[O-])N)[N+](=O)[O-])N,6,6,6,6,3,6,0,0,3,6,6
39,HNBP,O=N(=O)c2cc(N(=O)=O)c(c1c(N(=O)=O)cc(N(=O)=O)cc1N(=O)=O)c(N(=O)=O)c2,12,4,6,12,0,4,0,0,12,6,12
40,DIPAM,Nc2c(N(=O)=O)cc(N(=O)=O)c(c1c(N(=O)=O)cc(N(=O)=O)c(N)c1N(=O)=O)c2N(=O)=O,12,6,8,12,0,6,0,0,12,8,12
41,CL-12,Nc2c(N(=O)=O)c(N(=O)=O)c(c1c(N(=O)=O)c(N(=O)=O)c(N)c(N(=O)=O)c1N(=O)=O)c(N(=O)=O)c2N(=O)=O,12,4,10,16,0,4,0,0,12,10,16
42,DNBF,O=N(=O)c2cc(N(=O)=O)c1non(=O)c1c2,6,2,4,6,0,2,0,1,6,4,5
43,ADNBF,C1=C(C2=NO[N+](=C2C(=C1[N+](=O)[O-])N)[O-])[N+](=O)[O-],6,3,5,6,0,3,0,1,6,5,5
44,CL-14,C1(=C(C2=NO[N+](=C2C(=C1[N+](=O)[O-])N)[O-])[N+](=O)[O-])N,6,4,6,6,0,4,0,1,6,6,5
45,CL-17,Nc1c(N(=O)=O)c(N(=O)=O)c(N(=O)=O)c2non(=O)c12,6,2,6,8,0,2,0,1,6,6,7
46,BTF,C12=NO[N+](=C1C3=NO[N+](=C3C4=NO[N+](=C24)[O-])[O-])[O-],6,0,6,6,0,0,0,3,6,6,3
47,PNT,Cc1c(N(=O)=O)c(N(=O)=O)c(N(=O)=O)c(N(=O)=O)c1N(=O)=O,7,3,5,10,1,3,0,0,6,5,10
48,"2,3,4,5-TetNT",CC1=CC(=C(C(=C1[N+](=O)[O-])[N+](=O)[O-])[N+](=O)[O-])[N+](=O)[O-],7,4,4,8,1,4,0,0,6,4,8
49,"2,3,4,6-TetNT",Cc1c(N(=O)=O)cc(N(=O)=O)c(N(=O)=O)c1N(=O)=O,7,4,4,8,1,4,0,0,6,4,8
50,"2,3,5,6-TetNT",Cc1c(N(=O)=O)c(N(=O)=O)cc(N(=O)=O)c1N(=O)=O,7,4,4,8,1,4,0,0,6,4,8
51,TNT,CC1=C(C=C(C=C1[N+](=O)[O-])[N+](=O)[O-])[N+](=O)[O-],7,5,3,6,1,5,0,0,6,3,6
52,"2,3,4-TNT",Cc1ccc(N(=O)=O)c(N(=O)=O)c1N(=O)=O,7,5,3,6,1,5,0,0,6,3,6
53,"3,4,5-TNT",Cc1cc(N(=O)=O)c(N(=O)=O)c(N(=O)=O)c1,7,5,3,6,1,5,0,0,6,3,6
54,TetN-o-Tol,CC1=C(C(=C(C(=C1[N+](=O)[O-])[N+](=O)[O-])[N+](=O)[O-])[N+](=O)[O-])N,7,5,5,8,1,5,0,0,6,5,8
55,TetN-m-Tol,Cc1c(N(=O)=O)c(N)c(N(=O)=O)c(N(=O)=O)c1N(=O)=O,7,5,5,8,1,5,0,0,6,5,8
56,TetN-p-Tol,Cc1c(N(=O)=O)c(N(=O)=O)c(N)c(N(=O)=O)c1N(=O)=O,7,5,5,8,1,5,0,0,6,5,8
57,HNDPM,C1=C(C=C(C(=C1[N+](=O)[O-])CC2=C(C=C(C=C2[N+](=O)[O-])[N+](=O)[O-])[N+](=O)[O-])[N+](=O)[O-])[N+](=O)[O-],13,6,6,12,1,6,0,0,12,6,12
58,Picryl azide,C1=C(C=C(C(=C1[N+](=O)[O-])N=[N+]=[N-])[N+](=O)[O-])[N+](=O)[O-],6,2,6,6,0,2,0,0,6,6,6
59,CL-16,N#N=Nc1c(N(=O)=O)c(N(=O)=O)c(N(=O)=O)c(N(=O)=O)c1N(=O)=O,6,0,8,10,0,0,0,0,6,8,10
60,DDNP,N#N=c1cc(N(=O)=O)cc(N(=O)=O)c1=O,6,2,4,5,0,2,0,0,6,4,5
61,Me-NO2-DDNP,Cc1c(N(=O)=O)c(N(=O)=O)c(N(=O)=O)c(=O)c1=N#N,7,3,5,7,1,3,0,0,6,5,7
62,Tetryl,CN(C1=C(C=C(C=C1[N+](=O)[O-])[N+](=O)[O-])[N+](=O)[O-])[N+](=O)[O-],7,5,5,8,1,5,1,0,6,4,8
63,(MeNO2N)−22,Cc1c(N(C)N(=O)=O)c(N(=O)=O)c(N(=O)=O)c(N(=O)=O)c1N(=O)=O,8,6,6,10,2,6,1,0,6,5,10
64,(MeNO2N)−23,Cc1c(N(=O)=O)c(N(C)N(=O)=O)c(N(=O)=O)c(N(=O)=O)c1N(=O)=O,8,6,6,10,2,6,1,0,6,5,10
65,PNA,Nc1c(N(=O)=O)c(N(=O)=O)c(N(=O)=O)c(N(=O)=O)c1N(=O)=O,6,2,6,10,0,2,0,0,6,6,10
66,TNB,O=N(=O)c1cc(N(=O)=O)cc(N(=O)=O)c1,6,3,3,6,0,3,0,0,6,3,6
67,Styphnic acid,C1=C(C(=C(C(=C1[N+](=O)[O-])O)[N+](=O)[O-])O)[N+](=O)[O-],6,3,3,8,0,3,0,1,6,3,7
68,"2,4,6-Trinitrophloro-glucinol",O=N(=O)c1c(O)c(N(=O)=O)c(O)c(N(=O)=O)c1O,6,3,3,9,0,3,0,3,6,3,6
69,TetNA,Nc1c(N(=O)=O)cc(N(=O)=O)c(N(=O)=O)c1N(=O)=O,6,3,5,8,0,3,0,0,6,5,8
70,"2,4-Dinitroresorcinol",C1=CC(=C(C(=C1[N+](=O)[O-])O)[N+](=O)[O-])O,6,4,2,6,0,4,0,2,6,2,4
71,"4,6-Dinitroresorcinol",C1=C(C(=CC(=C1[N+](=O)[O-])O)O)[N+](=O)[O-],6,4,2,6,0,4,0,2,6,2,4
72,TNA,C1=C(C=C(C(=C1[N+](=O)[O-])N)[N+](=O)[O-])[N+](=O)[O-],6,4,4,6,0,4,0,0,6,4,6
73,"2,4,6-Trinitro-3-aminophenol",C1=C(C(=C(C(=C1[N+](=O)[O-])O)[N+](=O)[O-])N)[N+](=O)[O-],6,4,4,7,0,4,0,1,6,4,6
74,"1- Hydroxyl-3,5-diamino-2,4,6-trinitrobenzene",Nc1c(N(=O)=O)c(N)c(N(=O)=O)c(O)c1N(=O)=O,6,5,5,7,1,5,0,1,5,5,6
75,"2,4,6-Trinitrobenzonitrile",C1=C(C=C(C(=C1[N+](=O)[O-])C#N)[N+](=O)[O-])[N+](=O)[O-],7,2,4,6,0,2,0,0,7,4,6
76,"2,4,6-Trinitrobenzoic acid",C1=C(C=C(C(=C1[N+](=O)[O-])C(=O)O)[N+](=O)[O-])[N+](=O)[O-],7,3,3,8,0,3,0,1,7,3,7
77,"2,4,6-Trinitroanisole",COC1=C(C=C(C=C1[N+](=O)[O-])[N+](=O)[O-])[N+](=O)[O-],7,5,3,7,1,5,0,1,6,3,6
78,"3-Methoxy-2,4,6-trinitroaniline",COc1c(N(=O)=O)cc(N(=O)=O)c(N)c1N(=O)=O,7,6,4,7,1,6,0,1,6,4,6
79,"1,3-Dimethoxy-2,4,6-trinitrobenzene",COc1c(N(=O)=O)cc(N(=O)=O)c(OC)c1N(=O)=O,8,7,3,8,2,7,0,2,6,3,6
80,"2’,2’,2’-Trinitroethyl-2,4,6-trinitrobenzoate",C1=C(C=C(C(=C1[N+](=O)[O-])C(=O)OCC([N+](=O)[O-])([N+](=O)[O-])[N+](=O)[O-])[N+](=O)[O-])[N+](=O)[O-],9,4,6,14,2,4,0,1,7,6,13
81,"2’,2’,2’-Trinitroethyl-3,5-dinitrobenzoate",O=C(OCC(N(=O)=O)(N(=O)=O)N(=O)=O)c1cc(N(=O)=O)cc(N(=O)=O)c1,9,5,5,12,2,5,0,1,7,5,11
82,"2’,2’,2’-Trinitroethyl-3,5-dinitrosalicylate",O=C(OCC(N(=O)=O)(N(=O)=O)N(=O)=O)c1cc(N(=O)=O)cc(N(=O)=O)c1O,9,5,5,13,2,5,0,2,7,5,11
83,TNN,O=N(=O)c1ccc(N(=O)=O)c2c(N(=O)=O)ccc(N(=O)=O)c12,10,4,4,8,0,4,0,0,10,4,8
84,"2’,2’-Dinitropropyl-2,4,6- trinitrobenzoate",CC(COC(=O)c1c(N(=O)=O)cc(N(=O)=O)cc1N(=O)=O)(N(=O)=O)N(=O)=O,10,7,5,12,3,7,0,1,7,5,11
85,HNBP 2,C1=C(C=C(C(=C1[N+](=O)[O-])C2=C(C=C(C=C2[N+](=O)[O-])[N+](=O)[O-])[N+](=O)[O-])[N+](=O)[O-])[N+](=O)[O-],12,4,6,12,0,4,0,0,12,6,12
86,"3-Hydroxy-2,2’,4,4’,6,6’-hexanitrobiphenyl",O=N(=O)c2cc(N(=O)=O)c(c1c(N(=O)=O)cc(N(=O)=O)c(O)c1N(=O)=O)c(N(=O)=O)c2,12,4,6,13,0,4,0,1,12,6,12
87,Dipicric acid,O=N(=O)c2cc(N(=O)=O)c(c1c(N(=O)=O)cc(N(=O)=O)c(O)c1N(=O)=O)c(N(=O)=O)c2O,12,4,6,14,0,4,0,2,12,6,12
88,HND,O=N(=O)c2cc(N(=O)=O)c(Nc1c(N(=O)=O)cc(N(=O)=O)cc1N(=O)=O)c(N(=O)=O)c2,12,5,7,12,0,5,1,0,12,6,12
89,DIPAM,Nc2c(N(=O)=O)cc(N(=O)=O)c(c1c(N(=O)=O)cc(N(=O)=O)c(N)c1N(=O)=O)c2N(=O)=O,12,6,8,12,0,6,0,0,12,8,12
90,"2,2’,4,4’,6-Pentanitro-benzophenone",O=C(c1ccc(N(=O)=O)cc1N(=O)=O)c2c(N(=O)=O)cc(N(=O)=O)cc2N(=O)=O,13,5,5,11,0,5,0,0,13,5,11
91,NONA,C1=C(C=C(C(=C1[N+](=O)[O-])C2=C(C(=C(C=C2[N+](=O)[O-])[N+](=O)[O-])C3=C(C=C(C=C3[N+](=O)[O-])[N+](=O)[O-])[N+](=O)[O-])[N+](=O)[O-])[N+](=O)[O-])[N+](=O)[O-],18,5,9,18,0,5,0,0,18,9,18
92,"2,2’,2’’,4,4’’,5’,6,6’’-Octanitro-p-terphenyl",O=N(=O)c3cc(N(=O)=O)c(c2cc(N(=O)=O)c(c1c(N(=O)=O)cc(N(=O)=O)cc1N(=O)=O)cc2N(=O)=O)c(N(=O)=O)c3,18,6,8,16,0,6,0,0,18,8,16
93,"2,2’,2’’,4,4’’,6,6’,6’’-Octanitro-p-terphenyl",O=N(=O)c3cc(N(=O)=O)c(c2cc(N(=O)=O)c(c1c(N(=O)=O)cc(N(=O)=O)cc1N(=O)=O)c(N(=O)=O)c2)c(N(=O)=O)c3,18,6,8,16,0,6,0,0,18,8,16
94,Dodeca,O=N(=O)c4c(c1ccccc1)c(c2c(N(=O)=O)c(N(=O)=O)c(N(=O)=O)c(N(=O)=O)c2N(=O)=O)c(c3c(N(=O)=O)c(N(=O)=O)c(N(=O)=O)c(N(=O)=O)c3N(=O)=O)c(N(=O)=O)c4N(=O)=O,24,5,13,26,0,5,0,0,24,13,26
95,"Azo-bis-2,2’,4,4’,6,6’-hexanitrobiphenyl",O=N(=O)c4cc(N(=O)=O)c(c3c(N(=O)=O)cc(N(=O)=O)c(/N=N/c2c(N(=O)=O)cc(N(=O)=O)c(c1c(N(=O)=O)cc(N(=O)=O)cc1N(=O)=O)c2N(=O)=O)c3N(=O)=O)c(N(=O)=O)c4,24,6,14,24,0,6,0,0,24,14,24
96,TNBAL,O=Cc1c(N(=O)=O)cc(N(=O)=O)cc1N(=O)=O,7,3,3,7,0,3,0,0,7,3,7
97,"2,4,6-Trinitrobenzaldoxime",C1=C(C=C(C(=C1[N+](=O)[O-])C=NO)[N+](=O)[O-])[N+](=O)[O-],7,4,4,7,0,4,0,1,7,4,6
98,1-Dinitromethyl-3-nitrobenzene,C1=CC(=CC(=C1)[N+](=O)[O-])C([N+](=O)[O-])[N+](=O)[O-],7,5,3,6,1,5,0,0,6,3,6
99,"2,4,6-Trinitrobenzylalcohol",C1=C(C=C(C(=C1[N+](=O)[O-])CO)[N+](=O)[O-])[N+](=O)[O-],7,5,3,7,1,5,0,1,6,3,6
100,Cresylite,CC1=C(C(=C(C=C1[N+](=O)[O-])[N+](=O)[O-])O)[N+](=O)[O-],7,5,3,7,1,5,0,1,6,3,6
101,"1-(2,2,2-Trinitroethyl)-2,4,6-trinitrobenzene",O=N(=O)c1cc(N(=O)=O)c(CC(N(=O)=O)(N(=O)=O)N(=O)=O)c(N(=O)=O)c1,8,4,6,12,2,4,0,0,6,6,12
102,"2,4,6-Trinitrostyrene",C=CC1=C(C=C(C=C1[N+](=O)[O-])[N+](=O)[O-])[N+](=O)[O-],8,5,3,6,0,5,0,0,8,3,6
103,"1-(2,2,2-Trinitroethyl)-2,4-dinitrobenzene",O=N(=O)c1ccc(CC(N(=O)=O)(N(=O)=O)N(=O)=O)c(N(=O)=O)c1,8,5,5,10,2,5,0,0,6,5,10
104,"3,5-Dimethyl-2,4,6-trinitrophenol",Cc1c(N(=O)=O)c(C)c(N(=O)=O)c(O)c1N(=O)=O,8,7,3,7,2,7,0,1,6,3,6
105,"1-(3,3,3-Trinitropropyl)-2,4,6-trinitrobenzene",CC1=C(C(=C(C(=C1[N+](=O)[O-])O)[N+](=O)[O-])C)[N+](=O)[O-],8,7,3,7,2,7,0,1,6,3,6
106,"1-(3,3,3-Trinitropropyl)-2,4-dinitrobenzene",O=N(=O)c1ccc(CCC(N(=O)=O)(N(=O)=O)N(=O)=O)c(N(=O)=O)c1,9,7,5,10,3,7,0,0,6,5,10
107,"3-Methyl-2,2’,4,4’,6,6’-hexanitrobiphenyl",Cc2c(N(=O)=O)cc(N(=O)=O)c(c1c(N(=O)=O)cc(N(=O)=O)cc1N(=O)=O)c2N(=O)=O,13,6,6,12,1,6,0,0,12,6,12
108,"3-Methyl-2,2’,4,4’,6-pentanitrobiphenyl",Cc2c(N(=O)=O)cc(N(=O)=O)c(c1ccc(N(=O)=O)cc1N(=O)=O)c2N(=O)=O,13,7,5,10,1,7,0,0,12,5,10
109,JD-X,C1=C(C=C(C(=C1[N+](=O)[O-])C=CC2=C(C=C(C=C2[N+](=O)[O-])[N+](=O)[O-])[N+](=O)[O-])[N+](=O)[O-])[N+](=O)[O-],14,6,6,12,0,6,0,0,14,6,12
110,"2,2’,4,4’,6,6’-Hexanitrobibenzyl",C1=C(C=C(C(=C1[N+](=O)[O-])CCC2=C(C=C(C=C2[N+](=O)[O-])[N+](=O)[O-])[N+](=O)[O-])[N+](=O)[O-])[N+](=O)[O-],14,8,6,12,2,8,0,0,12,6,12
111,"3,3’-Dimethyl-2,2’,4,4’,6,6’-hexanitrobiphenyl",CC1=C(C(=C(C=C1[N+](=O)[O-])[N+](=O)[O-])C2=C(C=C(C(=C2[N+](=O)[O-])C)[N+](=O)[O-])[N+](=O)[O-])[N+](=O)[O-],14,8,6,12,2,8,0,0,12,6,12
112,"2,4,6-Trinitropyridine-1-oxide",C1=C(C=C([N+](=C1[N+](=O)[O-])[O-])[N+](=O)[O-])[N+](=O)[O-],5,2,4,7,0,2,0,0,5,4,7
113,"3,3’,5,5’-Tetranitro-2,2’-azopyridine",O=N(=O)c2cnc(/N=N/c1ncc(N(=O)=O)cc1N(=O)=O)c(N(=O)=O)c2,10,4,8,8,0,4,0,0,10,8,8
114,"2,6-Bis(picrylazo)-3,5-dinitropyridine",C1=C(C=C(C(=C1[N+](=O)[O-])N=NC2=C(C=C(C(=N2)N=NC3=C(C=C(C=C3[N+](=O)[O-])[N+](=O)[O-])[N+](=O)[O-])[N+](=O)[O-])[N+](=O)[O-])[N+](=O)[O-])[N+](=O)[O-],17,5,13,16,0,5,0,0,17,13,16
115,PYX,C1=C(C=C(C(=C1[N+](=O)[O-])NC2=C(C=C(C(=N2)NC3=C(C=C(C=C3[N+](=O)[O-])[N+](=O)[O-])[N+](=O)[O-])[N+](=O)[O-])[N+](=O)[O-])[N+](=O)[O-])[N+](=O)[O-],17,7,11,16,0,7,2,0,17,9,16
116,"3,5-Bis(picrylamino)-2,6-dinitropyridine",O=N(=O)c3cc(N(=O)=O)c(Nc2cc(Nc1c(N(=O)=O)cc(N(=O)=O)cc1N(=O)=O)c(N(=O)=O)nc2N(=O)=O)c(N(=O)=O)c3,17,7,11,16,0,7,2,0,17,9,16
117,"2,6-Bis(picrylamino) pyridine",O=N(=O)c3cc(N(=O)=O)c(Nc2cccc(Nc1c(N(=O)=O)cc(N(=O)=O)cc1N(=O)=O)n2)c(N(=O)=O)c3,17,9,9,12,0,9,2,0,17,7,12
118,Ex248,C1(=C(N=C(N1)[N+](=O)[O-])[N+](=O)[O-])[N+](=O)[O-],3,1,5,6,0,1,1,0,3,4,6
119,"2,4-DNI",C1=C(NC(=N1)[N+](=O)[O-])[N+](=O)[O-],3,2,4,4,0,2,1,0,3,3,4
120,"4,4’,5,5’-Tetranitro biimidazole",c1(c(nc([nH]1)c2[nH]c(c(n2)[N+](=O)[O-])[N+](=O)[O-])[N+](=O)[O-])[N+](=O)[O-],6,2,8,8,0,2,2,0,6,6,8
121,"2,4-Dinitro-1-picrylimidazole",C1=C(C=C(C(=C1[N+](=O)[O-])N2C(=CN=C2[N+](=O)[O-])[N+](=O)[O-])[N+](=O)[O-])[N+](=O)[O-],9,3,7,10,0,3,1,0,9,6,10
122,2-Nitro-1-picrylimidazole,O=N(=O)c2cc(N(=O)=O)c(n1ccnc1N(=O)=O)c(N(=O)=O)c2,9,4,6,8,0,4,1,0,9,5,8
123,4-Nitro-1-picrylimidazole,O=N(=O)c2cc(N(=O)=O)c(n1cnc(N(=O)=O)c1)c(N(=O)=O)c2,9,4,6,8,0,4,1,0,9,5,8
124,1-Picrylimidazole,O=N(=O)c2cc(N(=O)=O)c(n1ccnc1)c(N(=O)=O)c2,9,5,5,6,0,5,1,0,9,4,6
125,4-Nitro-1-picrylpyrazole,O=N(=O)c2cnn(c1c(N(=O)=O)cc(N(=O)=O)cc1N(=O)=O)c2,9,4,6,8,0,4,1,0,9,5,8
126,4-Nitro-3-picrylaminopyrazole,O=N(=O)c2cc(N(=O)=O)c(Nc1n[nH]cc1N(=O)=O)c(N(=O)=O)c2,9,5,7,8,0,5,1,0,9,6,8
127,"3,5-Dinitro-1-methyl-4-picrylpyrazole",Cn2nc(N(=O)=O)c(c1c(N(=O)=O)cc(N(=O)=O)cc1N(=O)=O)c2N(=O)=O,10,5,7,10,1,5,0,0,9,7,10
128,"3,5-Dinitro-1-methyl-4-picrylaminopyrazole",Cn2nc(N(=O)=O)c(Nc1c(N(=O)=O)cc(N(=O)=O)cc1N(=O)=O)c2N(=O)=O,10,6,8,10,1,6,1,0,9,7,10
129,"1,4-Dipicrylpyrazole",C1=C(C=C(C(=C1[N+](=O)[O-])C2=CN(N=C2)C3=C(C=C(C=C3[N+](=O)[O-])[N+](=O)[O-])[N+](=O)[O-])[N+](=O)[O-])[N+](=O)[O-],15,6,8,12,0,6,1,0,15,7,12
130,1a,O=N(=O)Nc1nonc1c3noc(c2nonc2NN(=O)=O)no3,6,2,10,8,0,2,2,4,6,8,4
131,,Nc2nn(c1nnn[nH]1)c(N)c2N(=O)=O,4,5,9,2,0,5,3,0,4,6,2
132,,Nc2nc(N)n1nc(N)c(N(=O)=O)c1n2,5,6,8,2,0,6,4,0,5,4,2
133,,O=N(=O)C(CNc1nnn[nH]1)(N(=O)=O)N(=O)=O,3,4,8,6,2,4,1,0,1,7,6
134,,CN1C(=NN=N1)NCC([N+](=O)[O-])([N+](=O)[O-])[N+](=O)[O-],4,6,8,6,3,6,1,0,1,7,6
135,,CON1C(=NN=N1)NCC([N+](=O)[O-])([N+](=O)[O-])[N+](=O)[O-],4,6,8,7,3,6,1,1,1,7,6
136,,CCOn1nnnc1NCC(N(=O)=O)(N(=O)=O)N(=O)=O,5,8,8,7,4,8,1,1,1,7,6
137,,O=N(=O)C(CNc1nnnn1CCn2nnnc2NCC(N(=O)=O)(N(=O)=O)N(=O)=O)(N(=O)=O)N(=O)=O,8,10,16,12,6,10,3,0,2,13,12
138,,O=N(=O)C(CNc1nnnn1CCCn2nnnc2NCC(N(=O)=O)(N(=O)=O)N(=O)=O)(N(=O)=O)N(=O)=O,9,12,16,12,7,12,2,0,2,14,12
139,,O=N(=O)C(CNc1nnnn1CCCCn2nnnc2NCC(N(=O)=O)(N(=O)=O)N(=O)=O)(N(=O)=O)N(=O)=O,10,14,16,12,8,14,2,2,2,14,10
140,,O=N(=O)C(CNc1nnnn1OCCOn2nnnc2NCC(N(=O)=O)(N(=O)=O)N(=O)=O)(N(=O)=O)N(=O)=O,8,10,16,14,6,10,3,2,2,13,12
141,Azol?   4,Nc2c1[nH]nnc1nnn2=O,3,3,7,1,0,3,3,1,3,4,0
142,Azol?   5,Nc2c1cn[nH]c1nnn2=O,4,4,6,1,0,4,3,1,4,3,0
143,,Nc2c1nc[nH]c1nnn2=O,4,4,6,1,0,4,3,1,4,3,0
144,,c4nnc(Nc1nonc1/N=N/c2nonc2Nc3nncnn3)nn4,8,4,16,2,0,4,2,2,8,14,0
145,,O=N(=N\c1nonc1Nc2nncnn2)/c3nonc3Nc4nncnn4,8,4,16,3,0,4,2,3,8,14,0
146,,Nc1n(=O)ncnn1=O,2,3,5,2,1,3,1,0,1,4,2
147,,c3nnc(N(c1nncnn1)c2nncnn2)nn3,6,3,13,0,0,3,1,0,6,12,0
148,,Nc2c1cn[nH]c1nnn2=O,4,4,6,1,0,4,3,1,4,3,0
149,,N#Cc2c(c1noc(N)n1)non2=O,5,2,6,3,0,2,1,2,5,5,1
150,,Nc3nc(c2c(c1nnn[nH]1)non2=O)no3,5,3,9,3,0,3,1,2,5,8,1
151,,O=N(=O)Nc3nc(c2c(c1nnn[nH]1)non2=O)no3,5,2,10,5,0,2,1,2,5,9,3
152,,N#N=Nc1nonc1c2nnnn2O,3,1,9,2,0,1,0,2,3,9,0
153,,Cn1nc(C#N)c(/C(N)=N/O)n1,5,6,6,1,1,6,1,1,4,5,0
154,2a,O=N(=O)Nc1nonc1c2noc(C(N(=O)=O)N(=O)=O)n2,5,2,8,8,1,2,1,2,4,7,6
155,,O=N(=O)/C1=N/N=C(N(=O)=O)\C1,3,2,4,4,1,2,0,0,2,4,4
156,PATO-NMP Pure,O=N(=O)c2cc(N(=O)=O)c(Nc1nnc[nH]1)c(N(=O)=O)c2,8,5,7,6,0,5,1,0,8,6,6
157,DNAN,COc1ccc(N(=O)=O)cc1N(=O)=O,7,6,2,5,1,6,0,1,6,2,4
158,"2,4-dinitroanisole (DNAN)",COc1ccc(N(=O)=O)cc1N(=O)=O,7,6,2,5,1,6,0,1,6,2,4
159,"2,2-dinitropropane-1,3diol (DNPD)",O=N(=O)C(CO)(CO)N(=O)=O,3,6,2,6,3,6,0,2,0,2,4
160,dinitropropanol,CC(CO)(N(=O)=O)N(=O)=O,3,6,2,5,3,6,0,1,0,2,4
161,"dinitropropylacrylate (assumed 2,2 dinitro)",C=CC(=O)OCC(C)(N(=O)=O)N(=O)=O,6,8,2,6,3,8,0,1,3,2,5
162,Klapotke 1,CNc1nn(=O)c(N(=O)=O)c(NC)c1N(=O)=O,6,8,6,5,3,8,0,0,3,6,5
163,Klapotke 2,CN(c1nn(=O)c(N(=O)=O)c(N(C)N(=O)=O)c1N(=O)=O)N(=O)=O,6,6,8,9,2,6,2,0,4,6,9
164,Klapotke 3,CN(C)c1nn(=O)c(N(=O)=O)c(N(C)C)c1N(=O)=O,8,12,6,5,4,12,2,0,4,4,5
165,Klapotke 4,O=N(=O)c1c(NCCO)nn(=O)c(N(=O)=O)c1NCCO,8,12,6,7,5,12,0,2,3,6,5
166,Klapotke 5,O=C(NN(=O)=O)OCC(COC(=O)NN(=O)=O)(N(=O)=O)C(COC(=O)NN(=O)=O)(COC(=O)NN(=O)=O)N(=O)=O,10,12,10,20,6,12,4,4,4,6,16
167,Klapotke 6,O=C(NN(=O)=O)OC1C(OC(=O)NN(=O)=O)C(N(=O)=O)C(OC(=O)NN(=O)=O)C(OC(=O)NN(=O)=O)C1N(=O)=O,10,10,10,20,6,10,4,4,4,6,16
168,Klapotke 7,O=C(NN(=O)=O)OC1OC2C(OC(=O)NN(=O)=O)OC3C(OC(=O)NN(=O)=O)OC1C23N(=O)=O,10,9,7,17,7,9,3,6,3,4,11
169,Klapotke 8,N#N=NCC(O)CN=N#N,3,6,6,1,3,6,0,1,0,6,0
170,Klapotke 9,N#N=NCC(CO)N=N#N,3,6,6,1,3,6,0,1,0,6,0
171,Klapotke 10,N#N=NCCOC(=O)CC(=O)OCCN=N#N,7,10,6,4,5,10,0,2,2,6,2
172,Klapotke 11,N#N=NCC(CN=N#N)OC(=O)CC(=O)OC(CN=N#N)CN=N#N,9,12,12,4,7,12,0,2,2,12,2
173,Klapotke 12,N#N=NCC(COC(=O)CC(=O)OCC(CN=N#N)N=N#N)N=N#N,9,12,12,4,7,12,0,2,2,12,2
174,Klapotke 13,N#N=NCCOC(=O)C(N=N#N)(N=N#N)C(=O)OCCN=N#N,7,8,12,4,5,8,0,2,2,12,2
175,Klapotke 14,N#N=NCC(CN=N#N)OC(=O)C(N=N#N)(N=N#N)C(=O)OC(CN=N#N)CN=N#N,9,10,18,4,7,10,0,2,2,18,2
176,Klapotke 15,N#N=NCC(COC(=O)C(N=N#N)(N=N#N)C(=O)OCC(CN=N#N)N=N#N)N=N#N,9,10,18,4,7,10,0,2,2,18,2
177,Klapotke 16,NC(=O)Nc1nonc1N(=O)=O,3,3,5,4,0,3,2,1,3,3,3
178,Klapotke 17,O=C(Nc1nonc1N(=O)=O)NN(=O)=O,3,2,6,6,0,2,2,1,3,4,5
179,Klapotke 18,NC(=O)Nc1nonc1NC(N)=O,4,6,6,3,0,6,4,1,4,2,2
180,Klapotke 19,O=C(Nc1nonc1NC(=O)NN(=O)=O)NN(=O)=O,4,4,8,7,0,4,4,1,4,4,6
181,Klapotke 20,O=N(=O)OCCN(CCON(=O)=O)C(CON(=O)=O)(CON(=O)=O)CON(=O)=O,8,14,6,15,8,14,1,5,0,5,10
182,Klapotke 21,O=C(CC(=O)NC(CON(=O)=O)(CON(=O)=O)CON(=O)=O)NC(CON(=O)=O)(CON(=O)=O)CON(=O)=O,11,16,8,20,9,16,2,6,2,6,14
183,Klapotke 22,O=C(O)CN(N(=O)=O)C(CON(=O)=O)(CON(=O)=O)CON(=O)=O,6,9,5,13,5,9,1,4,1,4,9
184,Klapotke 23,O=N(=O)OCC(CON(=O)=O)(CON(=O)=O)N(CC(CN(N(=O)=O)C(CON(=O)=O)(CON(=O)=O)CON(=O)=O)ON(=O)=O)N(=O)=O,11,17,11,25,11,17,2,7,0,9,18
185,Klapotke 24,O=C1OCC(ON(=O)=O)(ON(=O)=O)N1N(=O)=O,3,2,4,10,2,2,1,3,1,3,7
186,Klapotke 25,O=C(NN(=O)=O)OC12CC3(OC(=O)NN(=O)=O)CC(OC(=O)NN(=O)=O)(C1)CC(OC(=O)NN(=O)=O)(C2)C3,14,16,8,16,10,16,4,4,4,4,12
187,Klapotke 26,O=N(=O)OC12CC3(ON(=O)=O)CC(ON(=O)=O)(C1)CC(ON(=O)=O)(C2)C3,10,12,4,12,10,12,0,4,0,4,8
188,Klapotke 27,Nc2nnc(c1nnc(N)o1)o2,4,4,6,2,0,4,2,2,4,4,0
189,Klapotke 28,O=N(=O)Nc2nnc(c1nnc(NN(=O)=O)o1)o2,4,2,8,6,0,2,2,2,4,6,4
190,Klapotke 29,O=C(OOC(=O)c1ccc(N(=O)=O)cc1)c2ccc(N(=O)=O)cc2,14,8,2,8,0,8,0,2,14,2,6
191,Klapotke 30,O=C(OOC(=O)c1cccc(N(=O)=O)c1)c2cccc(N(=O)=O)c2,14,8,2,8,0,8,0,2,14,2,6
192,Klapotke 31,O=C(OOC(=O)c1cc(N(=O)=O)cc(N(=O)=O)c1)c2cc(N(=O)=O)cc(N(=O)=O)c2,14,6,4,12,0,6,0,2,14,4,10
193,Klapotke 32,O=C(OOC(=O)c1cccc(N(=O)=O)c1)c2ccc(N(=O)=O)cc2,14,8,2,8,0,8,0,2,14,2,6
194,Klapotke 33,O=C(OOC(=O)c1cc(N(=O)=O)cc(N(=O)=O)c1)c2cccc(N(=O)=O)c2,14,7,3,10,0,7,0,2,14,3,8
195,Klapotke 34,O=C(OOC(=O)c1cc(N(=O)=O)cc(N(=O)=O)c1)c2ccc(N(=O)=O)cc2,14,7,3,10,0,7,0,2,14,3,8
196,Klapotke 35,O=C(OOC(=O)c1ccc(N(=O)=O)cc1)c3ccc(C(=O)OOC(=O)c2ccc(N(=O)=O)cc2)cc3,22,12,2,12,0,12,0,4,22,2,8
197,Klapotke 36,O=C(OOC(=O)c1cc(N(=O)=O)cc(N(=O)=O)c1)c3ccc(C(=O)OOC(=O)c2cc(N(=O)=O)cc(N(=O)=O)c2)cc3,22,10,4,16,0,10,0,4,22,4,12
198,Klapotke 38,CC(C)(C)OOC1(N=N#N)CCC(N=N#N)(OOC(C)(C)C)CC1,14,26,6,4,14,26,0,4,0,6,0
199,Klapotke 40,CC(C)(C)OOC(N=N#N)c1ccc(C(N=N#N)OOC(C)(C)C)cc1,16,24,6,4,10,24,0,4,6,6,0
200,Klapotke 41,CC(C)(C)OOC(N=N#N)c1ccccc1C(N=N#N)OOC(C)(C)C,16,24,6,4,10,24,0,4,6,6,0
201,Klapotke 42,CC(C)(C)OOC2(N=N#N)CCC(C1CCC(N=N#N)(OOC(C)(C)C)CC1)CC2,20,36,6,4,20,36,0,4,0,6,0
202,Klapotke 43,O=C(O)CCN(CC(N(=O)=O)(N(=O)=O)N(=O)=O)N(=O)=O,5,7,5,10,4,7,1,1,1,4,9
203,Klapotke 44,O=C(CCN(CC(N(=O)=O)(N(=O)=O)N(=O)=O)N(=O)=O)OCC(N(=O)=O)(N(=O)=O)N(=O)=O,7,8,8,16,6,8,1,1,1,7,15
204,Klapotke 45,N#N=NC(=O)CCN(CC(N(=O)=O)(N(=O)=O)N(=O)=O)N(=O)=O,5,6,8,9,4,6,1,0,1,7,9
205,Klapotke 46,O=C(OCC(N(=O)=O)(N(=O)=O)N(=O)=O)N(CCN(CC(N(=O)=O)(N(=O)=O)N(=O)=O)N(=O)=O)N(=O)=O,7,8,10,18,6,8,2,1,1,8,17
206,Klapotke 47,O=C(O)C[C@@H](C(=O)O)N(CC(N(=O)=O)(N(=O)=O)N(=O)=O)N(=O)=O,6,7,5,12,4,7,1,2,2,4,10
207,Klapotke 48,O=C(C[C@@H](C(=O)O)N(CC(N(=O)=O)(N(=O)=O)N(=O)=O)N(=O)=O)OCC(N(=O)=O)(N(=O)=O)N(=O)=O,8,8,8,18,6,8,1,2,2,7,16
208,Klapotke 49,CC(NC(=O)NC(C)C(N(=O)=O)(N(=O)=O)N(=O)=O)C(N(=O)=O)(N(=O)=O)N(=O)=O,7,10,8,13,6,10,2,0,1,6,13
209,Klapotke 50,CC(OC(N)=O)C(N(=O)=O)(N(=O)=O)N(=O)=O,4,6,4,8,3,6,1,1,1,3,7
210,Klapotke 51,CC(OC(=O)NN(=O)=O)C(N(=O)=O)(N(=O)=O)N(=O)=O,4,5,5,10,3,5,1,1,1,4,9
211,Klapotke 52,O=C(NCC(N(=O)=O)(N(=O)=O)N(=O)=O)NCC(N(=O)=O)(N(=O)=O)N(=O)=O,5,6,8,13,4,6,2,0,1,6,13
212,Klapotke 53,NC(=O)OCC(N(=O)=O)(N(=O)=O)N(=O)=O,3,4,4,8,2,4,1,1,1,3,7
213,Klapotke 54,O=C(NN(=O)=O)OCC(N(=O)=O)(N(=O)=O)N(=O)=O,3,3,5,10,2,3,1,1,1,4,9
214,Klapotke 55,O=C(NCCC(N(=O)=O)(N(=O)=O)N(=O)=O)NCCC(N(=O)=O)(N(=O)=O)N(=O)=O,7,10,8,13,6,10,2,0,1,6,13
215,Klapotke 56,NC(=O)OCCC(N(=O)=O)(N(=O)=O)N(=O)=O,4,6,4,8,3,6,1,1,1,3,7
216,Klapotke 57,O=C(NN(=O)=O)OCCC(N(=O)=O)(N(=O)=O)N(=O)=O,4,5,5,10,3,5,1,1,1,4,9
217,Klapotke 58,O=C(OCC(N(=O)=O)(N(=O)=O)N(=O)=O)C(=O)OCC(N(=O)=O)(N(=O)=O)N(=O)=O,6,4,6,16,4,4,0,2,2,6,14
218,Klapotke 59,O=C(OCCC(N(=O)=O)(N(=O)=O)N(=O)=O)C(=O)OCC(N(=O)=O)(N(=O)=O)N(=O)=O,7,6,6,16,5,6,0,2,2,6,14
219,Klapotke 60,N#N=NC(=O)C(=O)OCC(N(=O)=O)(N(=O)=O)N(=O)=O,4,2,6,9,2,2,0,1,2,6,8
220,Klapotke 61,O=C(NC(=O)OCC(N(=O)=O)(N(=O)=O)N(=O)=O)OCC(N(=O)=O)(N(=O)=O)N(=O)=O,6,5,7,16,4,5,1,2,2,6,14
221,Klapotke 62,O=C(CCC(N(=O)=O)(N(=O)=O)N(=O)=O)NC(=O)OCC(N(=O)=O)(N(=O)=O)N(=O)=O,7,7,7,15,5,7,1,1,2,6,14
222,Klapotke 63,N#N=NC(=O)NC(=O)OCC(N(=O)=O)(N(=O)=O)N(=O)=O,4,3,7,9,2,3,1,1,2,6,8
223,Klapotke 64,O=N(=O)c4cc(N(=O)=O)c(c3nnc(c2nnc(c1c(N(=O)=O)cc(N(=O)=O)cc1N(=O)=O)o2)o3)c(N(=O)=O)c4,16,4,10,14,0,4,0,2,16,10,12
224,Klapotke 65,Nc1n[nH]nc1c2nnn[nH]2,3,4,8,0,0,4,1,0,3,7,0
225,Klapotke 66,N#N=Nc1n[nH]nc1c2nnn[nH]2,3,2,10,0,0,2,0,0,3,10,0
226,Klapotke 67,O=N(=O)c1n[nH]nc1c2nnn[nH]2,3,2,8,2,0,2,1,0,3,7,2
227,Klapotke 68,CN(Cn1c(N(=O)=O)n[nH]c1=O)N(=O)=O,4,6,6,5,2,6,3,0,2,3,5
228,Klapotke 69,CN(Cn1nc(N(=O)=O)n(CN(C)N(=O)=O)c1=O)N(=O)=O,6,10,8,7,4,10,4,0,2,4,7
229,Klapotke 70,CN(Cn1nc(N(=O)=O)nc1N(=O)=O)N(=O)=O,4,5,7,6,2,5,2,0,2,5,6
230,Klapotke 71,CN(Cn1nc(N(=O)=O)nc1N)N(=O)=O,4,7,7,4,2,7,3,0,2,4,4
231,Klapotke 72,CN(Cn1nc(N(=O)=O)nc1c2nc(N(=O)=O)nn2CN(C)N(=O)=O)N(=O)=O,8,10,12,8,4,10,4,0,4,8,8
232,Klapotke 73,CN(Cn1cc(N(=O)=O)nc1N(=O)=O)N(=O)=O,5,6,6,6,2,6,2,0,3,4,6
233,Klapotke 74,CN(Cn1cnc(N(=O)=O)c1N(=O)=O)N(=O)=O,5,6,6,6,2,6,1,0,3,5,6
234,Klapotke 75,CN(Cn1nc(N(=O)=O)cc1N(=O)=O)N(=O)=O,5,6,6,6,2,6,1,0,3,5,6
235,Klapotke 76,CN(Cn1ncc(N(=O)=O)c1n2cc(N(=O)=O)c(N(=O)=O)n2)N(=O)=O,8,7,9,8,2,7,1,0,6,8,8
236,Klapotke 78,CN(Cn1nc(N(=O)=O)c(N)c1N(=O)=O)N(=O)=O,5,7,7,6,2,7,1,0,3,6,6
237,Klapotke 79,O=C(OO)c1ccc(C(=O)OO)cc1,8,6,0,6,0,6,0,4,8,0,2
238,Klapotke 80,O=C(OO)c1ccc(N(=O)=O)cc1,7,5,1,5,0,5,0,2,7,1,3
239,Klapotke 81,O=C(OO)c1cc(N(=O)=O)cc(N(=O)=O)c1,7,4,2,7,0,4,0,2,7,2,5
240,Klapotke 82,O=C(OO)c1cc(C(=O)OO)cc(C(=O)OO)c1,9,6,0,9,0,6,0,6,9,0,3
241,Klapotke 83,O=C(NC(=O)OCC(N(=O)=O)(N(=O)=O)N(=O)=O)NC(=O)OCC(N(=O)=O)(N(=O)=O)N(=O)=O,7,6,8,17,4,6,2,2,3,6,15
242,Klapotke 85,O=C(NCC(N(=O)=O)(N(=O)=O)N(=O)=O)OCC(COC(=O)NCC(N(=O)=O)(N(=O)=O)N(=O)=O)(N(=O)=O)N(=O)=O,9,10,10,20,7,10,2,2,2,8,18
243,Klapotke 86,O=C(OCC(COC(=O)OCC(N(=O)=O)(N(=O)=O)N(=O)=O)(N(=O)=O)N(=O)=O)OCC(N(=O)=O)(N(=O)=O)N(=O)=O,9,8,8,22,7,8,0,4,2,8,18
244,Klapotke 87,CN(CNC(=O)OCC(N(=O)=O)(N(=O)=O)N(=O)=O)N(=O)=O,5,8,6,10,4,8,2,1,1,4,9
245,Klapotke 89,CN(CN(C(=O)OCC(N(=O)=O)(N(=O)=O)N(=O)=O)N(=O)=O)N(=O)=O,5,7,7,12,4,7,2,1,1,5,11
246,Klapotke 91,Nc1nc(N(=O)=O)nn1CN(Cn2nc(N(=O)=O)nc2N)N(=O)=O,6,8,12,6,2,8,5,0,4,7,6
247,Klapotke 92,O=N(=O)c2nc(N(=O)=O)n(CN(Cn1nc(N(=O)=O)nc1N(=O)=O)N(=O)=O)n2,6,4,12,10,2,4,3,0,4,9,10
248,Klapotke 93,O=N(=O)c2ncn(CN(Cn1cnc(N(=O)=O)c1N(=O)=O)N(=O)=O)c2N(=O)=O,8,6,10,10,2,6,1,0,6,9,10
249,Klapotke 94,O=N(=O)c2cn(CN(Cn1cc(N(=O)=O)nc1N(=O)=O)N(=O)=O)c(N(=O)=O)n2,8,6,10,10,2,6,1,0,6,9,10
250,Klapotke 95,Nc2c(N(=O)=O)nn(CN(Cn1nc(N(=O)=O)c(N)c1N(=O)=O)N(=O)=O)c2N(=O)=O,8,8,12,10,2,8,1,0,6,11,10
251,Klapotke 96,O=N(=O)c2cc(N(=O)=O)n(CN(Cn1nc(N(=O)=O)cc1N(=O)=O)N(=O)=O)n2,8,6,10,10,2,6,2,0,6,8,10
252,Klapotke 97,O=N(=O)c2cn(CN(Cn1cc(N(=O)=O)c(N(=O)=O)n1)N(=O)=O)nc2N(=O)=O,8,6,10,10,2,6,1,0,6,9,10
253,Klapotke 98,O=N(=O)C(c2nc(c1noc(C(N(=O)=O)(N(=O)=O)N(=O)=O)n1)no2)(N(=O)=O)N(=O)=O,6,0,10,14,2,0,0,2,4,10,12
254,Klapotke 101,O=C(NCC(N(=O)=O)(N(=O)=O)N(=O)=O)OCC(N(=O)=O)(N(=O)=O)N(=O)=O,5,5,7,14,4,5,1,1,1,6,13
255,Klapotke 107,Cn2c(c1nc(N(=O)=O)c(N(=O)=O)n1C)nc(N(=O)=O)c2N(=O)=O,8,6,8,8,2,6,2,0,6,6,8
256,Klapotke 108,O=N(=O)C(c2n[nH]c(N=Nc1nc(C(N(=O)=O)N(=O)=O)n[nH]1)n2)N(=O)=O,6,4,12,8,2,4,0,0,4,12,8
257,Klapotke 109,N#N=N/C(N=N#N)=N\n1nnnc1N=N#N,2,0,14,0,0,0,1,0,2,13,0
258,Klapotke 110,O=N(=O)CC(CON(=O)=O)(CON(=O)=O)C(CON(=O)=O)(CON(=O)=O)CN(=O)=O,8,12,6,16,8,12,0,4,0,6,12
259,Klapotke 111,O=N(=O)OCN(CON(=O)=O)N(=O)=O,2,4,4,8,2,4,1,2,0,3,6
260,Klapotke 112,O=N(=O)OCCN(CCON(=O)=O)N(=O)=O,4,8,4,8,4,8,1,2,0,3,6
261,Kalpotke 113,O=N(=O)OCC(CON(=O)=O)N(C(CON(=O)=O)CON(=O)=O)N(=O)=O,6,10,6,14,6,10,1,4,0,5,10
262,Klapotke 114,O=N(=O)c2cc(N(=O)=O)c1nn(=O)nn(=O)c1c2,6,2,6,6,0,2,0,0,6,6,6
263,Klapotke 114,O=n1onc(/C=N/O)c1/C=N/O,4,4,4,4,0,4,0,3,4,4,1
264,Klapotke 115,CC(C)(C)CON(=O)=O,5,11,1,3,5,11,0,1,0,1,2
265,Klapotke 116,CC(C)(CON(=O)=O)CON(=O)=O,5,10,2,6,5,10,0,2,0,2,4
266,Klapotke 117,CC(CON(=O)=O)(CON(=O)=O)CON(=O)=O,5,9,3,9,5,9,0,3,0,3,6
267,Klapotke 118,O=N(=O)OCC1(CON(=O)=O)CCCC1,7,12,2,6,7,12,0,2,0,2,4
268,Klapotke 119,O=N(=O)OCC1(CON(=O)=O)CCCCC1,8,14,2,6,8,14,0,2,0,2,4
269,Klapotke 125,O=N(=O)Nc1nc(N(=O)=O)n[nH]1,2,2,6,4,0,2,1,0,2,5,4
270,Klapotke 126,Cn1nc(N(=O)=O)nc1NN(=O)=O,3,4,6,4,1,4,1,0,2,5,4
271,Klapotke 127,Nc1nnnn1O,1,3,5,1,0,3,1,1,1,4,0
272,Klapotke 128,On1nnnc1/N=N/c2nnnn2O,2,2,10,2,0,2,2,2,2,8,0
273,Klapotke 129,On1nnnc1NNc2nnnn2O,2,4,10,2,0,4,2,2,2,8,0
274,Klapotke 130,O=N(=O)c2n[nH]c(c1nc(N(=O)=O)n[nH]1)n2,4,2,8,4,0,2,0,0,4,8,4
275,Klapotke 131,O=N(=O)N=c2[nH]nc(c1n[nH]c(=NN(=O)=O)[nH]1)[nH]2,4,4,10,4,0,4,4,0,4,6,4
276,Klapotke 132,N#N=Nc2nc(c1n[nH]c(N=N#N)n1)n[nH]2,4,2,12,0,0,2,0,0,4,12,0
277,Klapotke 133,O=N(=O)C(=c2[nH]nc(c1n[nH]c(=C(N(=O)=O)N(=O)=O)[nH]1)[nH]2)N(=O)=O,6,4,10,8,2,4,2,0,4,8,8
278,Klapotke 134,N#N=Nc1nn(CC(=O)O)c(=NN(=O)=O)[nH]1,4,4,8,4,1,4,1,1,3,7,3
279,Klapotke 135,Nc2nc(c1nnn[nH]1)n[nH]2,3,4,8,0,0,4,1,0,3,7,0
280,Klapotke 136,O=N(=O)N=c2[nH]nc(c1nnn[nH]1)[nH]2,3,3,9,2,0,3,2,0,3,7,2
281,Klapotke 137,O=N(=O)c2n[nH]c(c1nnn[nH]1)n2,3,2,8,2,0,2,0,0,3,8,2
282,Klapotke 138,N#N=Nc2nc(c1nnn[nH]1)n[nH]2,3,2,10,0,0,2,0,0,3,10,0
283,Klapotke 139,N#N=NCN(CN=N#N)N(=O)=O,2,4,8,2,2,4,1,0,0,7,2
284,Klapotke 140,N#N=NCN(CN(CN(CN=N#N)N(=O)=O)N(=O)=O)N(=O)=O,4,8,12,6,4,8,3,0,0,9,6
285,Klapotke 141,CN(/N=N/N(C)c1nnnn1CCO)c2nnnn2CCO,8,16,12,2,6,16,3,2,2,9,0
286,Klapotke 142,CC(C)OC(=O)Cn1nnnc1N(C)/N=N/N(C)c2nnnn2CC(=O)OC(C)C,14,24,12,4,10,24,4,2,4,8,2
287,Klapotke 143,O=N(=O)c1nn[nH]n1,1,1,5,2,0,1,0,0,1,5,2
288,Klapotke 144,Cn1nnnc1N(=O)=O,2,3,5,2,1,3,0,0,1,5,2
289,Klapotke 145,Cn1nnc(N(=O)=O)n1,2,3,5,2,1,3,0,0,1,5,2
290,Klapotke 146,n2n[nH]c(Nc1nnn[nH]1)n2,2,3,9,0,0,3,2,0,2,7,0
291,Klapotke 147,Cn2nnc(Nc1nnn(C)n1)n2,4,7,9,0,2,7,1,0,2,8,0
292,Klapotke 148,CN(c1nnn(C)n1)c2nnn(C)n2,5,9,9,0,3,9,1,0,2,8,0
293,Synder 1,Nc5n(=O)nc(n4c1nonc1n(c2nn(=O)c(N)n(=O)n2)c3nonc34)nn5=O,8,4,16,6,2,4,4,2,6,12,4
294,Synder 2,Nc4n(=O)nc(n3c1nonc1[nH]c2nonc23)nn4=O,6,3,11,4,1,3,3,2,5,8,2
295,Synder 3,Nc9n(=O)nc(n8c1nonc1n(c6nnc(n5c2nonc2n(c3nn(=O)c(N)n(=O)n3)c4nonc45)nn6)c7nonc78)nn9=O,14,4,26,8,2,4,6,4,12,20,4
296,,Nc2nc(c1[nH]ncc1N(=O)=O)n[nH]2,5,5,7,2,0,5,2,0,5,5,2
297,,O=N(=O)c1cn[nH]c1c2n[nH]c(N(=O)=O)n2,5,3,7,4,0,3,0,0,5,7,4
298,,O=N(=O)N=c2nnc(c1[nH]ncc1N(=O)=O)n2,5,2,8,4,0,2,0,0,5,8,4
299,,O=C(c1nc(N(=O)=O)nn1C(N(=O)=O)(N(=O)=O)N(=O)=O)c2nc(N(=O)=O)nn2C(N(=O)=O)(N(=O)=O)N(=O)=O,7,0,14,17,2,0,2,0,5,12,17
300,,O=N(=O)C(N(=O)=O)n1nnc(C(N(=O)=O)(N(=O)=O)N(=O)=O)n1,3,1,9,10,2,1,0,0,1,9,10
301,,O=N(=O)C(c1nnn(C(N(=O)=O)N(=O)=O)n1)N(=O)=O,3,2,8,8,2,2,0,0,1,8,8
302,,Nc2nc(N)n1nc(NN(=O)=O)c(N(=O)=O)c1n2,5,5,9,4,1,5,4,0,4,5,4
303,,Nc2nn1c(N(=O)=O)nnc1nn2=O,3,2,8,3,0,2,2,0,3,6,3
304,,Nc2nn1c(N)nnc1nn2=O,3,4,8,1,0,4,3,1,3,5,0
305,,Nc2nn1c(N)nnc1nn2=O,3,4,8,1,0,4,3,1,3,5,0
306,AzTF,N(=N\c1nonc1c2nnn[nH]2)/c3nonc3c4nnn[nH]4,6,2,14,2,0,2,0,2,6,14,0
307,LLM-191,O=N(=O)c1nonc1c3noc(c2nonc2N(=O)=O)n3,6,0,8,7,0,0,0,3,6,8,4
308,LLM-200,O=N(=O)c1nonc1c4noc(c3nc(c2nonc2N(=O)=O)no3)n4,8,0,10,8,0,0,0,4,8,10,4
309,LLM-201,Nc2nc(c1nonc1N(=O)=O)no2,4,2,6,4,0,2,1,2,4,5,2
310,,N#N=N/C(=N\O)c2nc(c1noc(/C(=N/O)N=N#N)n1)no2,6,2,12,4,0,2,0,4,6,12,0
311,,On1nnnc1c4nc(c3noc(c2nnnn2O)n3)no4,6,2,12,4,0,2,0,4,6,12,0
312,,N#N=N/C(=N\O)c1noc(/C(=N\O)N=N#N)n1,4,2,10,3,0,2,0,3,4,10,0
313,,Nc1c(N(=O)=O)n[nH]c1N(=O)=O,3,3,5,4,0,3,0,0,3,5,4
314,,N#N=c1c(N(=O)=O)nnc1N(=O)=O,3,0,6,4,0,0,0,0,3,6,4
315,LLM-226,N#N=c2c(n1nc(N(=O)=O)c(N)c1N(=O)=O)nnc2n3nc(N(=O)=O)c(N)c3N(=O)=O,9,4,14,8,0,4,2,0,9,12,8
316,Baran,O=N(=O)OC[C@@H]1[C@@H](CON(=O)=O)[C@@H](CON(=O)=O)[C@@H]1CON(=O)=O,8,12,4,12,8,12,0,4,0,4,8
317,Baran 3,O=N(=O)OC[C@@H]1[C@@H](CON(=O)=O)[C@H](CON(=O)=O)[C@H]1CON(=O)=O,8,12,4,12,8,12,0,4,0,4,8
318,Baran 4,O=N(=O)OC[C@@H]1[C@H](CON(=O)=O)[C@@H](CON(=O)=O)[C@@H]1CON(=O)=O,8,12,4,12,8,12,0,4,0,4,8
319,Baran 5,O=N(=O)OC[C@@H]1[C@H](CON(=O)=O)[C@H](CON(=O)=O)[C@@H]1CON(=O)=O,8,12,4,12,8,12,0,4,0,4,8
320,Baran 6,O=N(=O)OCC1(CON(=O)=O)CCC1(CON(=O)=O)CON(=O)=O,8,12,4,12,8,12,0,4,0,4,8
321,Baran 7,O=N(=O)OCC1(CON(=O)=O)CC(CON(=O)=O)(CON(=O)=O)C1,8,12,4,12,8,12,0,4,0,4,8
322,Sabatini,CCOC(=O)c1cc(CON(=O)=O)on1,7,8,2,6,3,8,0,3,4,2,3
323,Sabatini,O=N(=O)OCc1cc(CON(=O)=O)on1,5,5,3,7,2,5,0,3,3,3,4
324,Sabatini,O=N(=O)OCc2onc(c1noc(CON(=O)=O)c1CON(=O)=O)c2CON(=O)=O,10,8,6,14,4,8,0,6,6,6,8
325,Sabatini,O=N(=O)OCc2cc(c1cc(CON(=O)=O)on1)no2,8,6,4,8,2,6,0,4,6,4,4
326,Sabatini,O=N(=O)OCc3cc(c1non(=O)c1c2cc(CON(=O)=O)on2)no3,10,6,6,10,2,6,0,5,8,6,5
327,Sabatini,O=N(=O)OCc2nc(c1noc(CON(=O)=O)n1)no2,6,4,6,8,2,4,0,4,4,6,4
328,Sabatini,Nc1nonc1C(=O)O,3,3,3,3,0,3,1,2,3,2,1
329,Sabatini,CCOC(=O)c1nonc1N,5,7,3,3,2,7,1,2,3,2,1
330,,Nc2n[nH]c(c1[nH]nc(N)c1N(=O)=O)c2N(=O)=O,6,6,8,4,0,6,2,0,6,6,4
331,,Nc4nnc3c(N(=O)=O)c(c2nn1c(N)c(N(=O)=O)nnc1c2N(=O)=O)nn3c4N(=O)=O,10,4,14,8,0,4,2,0,10,12,8
332,TTX,Nc1c(N(=O)=O)nnc2nc(N(=O)=O)nn12,4,2,8,4,0,2,1,0,4,7,4
333,,Nc1nnnn1Cc2nnn[nH]2,3,5,9,0,1,5,2,0,2,7,0
334,,O=N(=O)N=c1[nH]nnn1Cc2nnn[nH]2,3,4,10,2,1,4,2,0,2,8,2
335,,Nc2nn1c(N)c(N(=O)=O)nnc1c2N(=O)=O,5,4,8,4,0,4,2,0,5,6,4
336,,Nc1nnnn1CCn2ccc(N(=O)=O)n2,6,8,8,2,2,8,2,0,4,6,2
337,,Nc1nnnn1CCn2cc(N(=O)=O)c(N(=O)=O)n2,6,7,9,4,2,7,2,0,4,7,4
338,,Nc1nnnn1CCn2nc(N(=O)=O)c(N(=O)=O)c2N,6,8,10,4,2,8,4,0,4,6,4
339,,O=N(=O)N=c1[nH]nnn1CCn2cc(N(=O)=O)c(N(=O)=O)n2,6,6,10,6,2,6,2,0,4,8,6
340,,N#N=Nc2c(N(=O)=O)nn(CCn1nnnc1N)c2N(=O)=O,6,6,12,4,2,6,2,0,4,10,4
341,,N#N=Nc2nn(CCn1nnnc1N)c(N=N#N)c2N(=O)=O,6,6,14,2,2,6,2,0,4,12,2
342,,Nc1nnnn1CCn2cnc(N(=O)=O)n2,5,7,9,2,2,7,2,0,3,7,2
343,,Nc1nnnn1CCn2nc(N(=O)=O)nc2N,5,8,10,2,2,8,4,0,3,6,2
344,,Nc1nnnn1CCn2nnc(N(=O)=O)n2,4,6,10,2,2,6,2,0,2,8,2
345,,O=N(=O)N=c1[nH]nnn1CCn2cnc(N(=O)=O)n2,5,6,10,4,2,6,2,0,3,8,4
346,,O=N(=O)N=c1[nH]nnn1CCn2nc(N(=O)=O)nc2NN(=O)=O,5,6,12,6,2,6,3,0,3,9,6
347,,Nc1nc(N(=O)=O)nn1CCn2nc(N(=O)=O)nc2N,6,8,10,4,2,8,4,0,4,6,4
348,,O=N(=O)Nc1nc(N(=O)=O)nn1CCn2nc(N(=O)=O)nc2NN(=O)=O,6,6,12,8,2,6,3,0,4,9,8
349,,Nc1non(=O)c1c2non(=O)c2c3c(N)non3=O,6,4,8,6,0,4,2,3,6,6,3
350,,O=n4onc3nnc1non(=O)c1c2c(non2=O)c34,6,0,8,6,0,0,0,3,6,8,3
351,,O=N(=O)c1non(=O)c1c2non(=O)c2c3c(N(=O)=O)non3=O,6,0,8,10,0,0,0,3,6,8,7
352,,C/N=N(=O)/c1nonc1N(CN(c2nonc2/N(=O)=N/C)N(=O)=O)N(=O)=O,7,8,12,8,3,8,2,2,4,10,6
353,,C/N=N(=O)/c1nonc1NN(=O)=O,3,4,6,4,1,4,1,1,2,5,3
354,,O=N(=O)N(CN(c1nonc1c2ncon2)N(=O)=O)c3nonc3c4ncon4,9,4,12,8,1,4,2,2,8,10,6
355,,N=C(NN)c1nonc1N(CN(c2nonc2C(=N)NN)N(=O)=O)N(=O)=O,7,10,14,6,1,10,6,2,6,8,4
356,,O=N(=O)N(CCN(c1nonc1c2ncon2)N(=O)=O)c3nonc3c4ncon4,10,6,12,8,2,6,2,2,8,10,6
357,,N=C(NN)c1nonc1N(CCN(c2nonc2C(=N)NN)N(=O)=O)N(=O)=O,8,12,14,6,2,12,6,2,6,8,4
358,3·H2O,Nc1nnnn1c2nc(N(=O)=O)n[nH]2,3,3,9,2,0,3,2,0,3,7,2
359,4·H2O,O=N(=O)c2n[nH]c(n1ncc(N(=O)=O)c1N(=O)=O)n2,5,2,8,6,0,2,1,0,5,7,6
360,,O=N(=O)c2ncn(c1nc(N(=O)=O)n[nH]1)n2,4,2,8,4,0,2,1,0,4,7,4
361,6·H2O,Nc1nc(N(=O)=O)nn1c2nc(N(=O)=O)n[nH]2,4,3,9,4,0,3,2,0,4,7,4
362,,Nn1nc(N(=O)=O)nc1n2cnc(N(=O)=O)n2,4,3,9,4,0,3,2,0,4,7,4
363,,Nn2nc(n1cnc(N(=O)=O)n1)nc2N(=O)=O,4,3,9,4,0,3,2,0,4,7,4
364,,N#[N+]c2[n-]c(c1nc(N(=O)=O)c([N+]#N)[n-]1)nc2N(=O)=O,6,0,10,4,0,0,0,0,6,10,4
365,,N#[N+]c2[n-]nc(c1n[n-]c([N+]#N)c1N(=O)=O)c2N(=O)=O,6,0,10,4,0,0,0,0,6,10,4
366,,O=N(=O)N=c1[nH]ccn1CCn2cc(N(=O)=O)cn2,8,9,7,4,2,9,2,0,6,5,4
367,,O/N=N/c1nnnn1CCn2cccn2,6,8,8,1,2,8,1,1,4,7,0
368,,Nc1nnnn1CCn2nc(N(=O)=O)c(N)c2N(=O)=O,6,8,10,4,2,8,2,0,4,8,4
369,,Nc1nnnn1CCn2nc(N(=O)=O)c(N(=O)=O)c2N(=O)=O,6,6,10,6,2,6,2,0,4,8,6
370,,CCCCn1nc(N(=O)=O)c(N)c1N(=O)=O.Nc1nnn[nH]1,8,14,10,4,4,14,1,0,4,9,4
371,,CCCCn1nc(N(=O)=O)c(N(=O)=O)c1N(=O)=O.Nc1nnn[nH]1,8,12,10,6,4,12,2,0,4,8,6
372,,O=N(=O)C(c2ncn(Cn1cnc(C(N(=O)=O)N(=O)=O)n1)n2)N(=O)=O,7,6,10,8,3,6,0,0,4,10,8
373,,O=N(=O)C(c2ncn(Cn1cnc(C(N(=O)=O)(N(=O)=O)N(=O)=O)n1)n2)(N(=O)=O)N(=O)=O,7,4,12,12,3,4,0,0,4,12,12
374,,O=N(=O)C(c1ncn(C(N(=O)=O)(N(=O)=O)N(=O)=O)n1)(N(=O)=O)N(=O)=O,4,1,9,12,2,1,1,0,2,8,12
375,,O/N=C(c1nnn[nH]1)/c2nnn[nH]2,3,3,9,1,0,3,0,1,3,9,0
376,,N/N=C(c1nnn[nH]1)/c2nnn[nH]2,3,4,10,0,0,4,1,0,3,9,0
377,,O=n4onc3c1nc[nH]c1c2non(=O)c2c34,7,2,6,4,0,2,1,2,7,5,2
378,,O=N(=O)n4cnc3c1non(=O)c1c2c(non2=O)c34,7,1,7,6,0,1,1,2,7,6,4
379,,O=c2[nH]c1c(N(=O)=O)c(N(=O)=O)c(N(=O)=O)c(N(=O)=O)c1[nH]2,7,2,6,9,0,2,2,0,7,4,9
380,,Nc1[nH]c(N(=O)=O)nc1N(=O)=O,3,3,5,4,0,3,1,0,3,4,4
381,,Nc1c(N(=O)=O)nc(N(=O)=O)n1N,3,4,6,4,0,4,2,0,3,4,4
382,,Nc1nnn(N)c1N(=O)=O,2,4,6,2,0,4,2,0,2,4,2
383,,Nc1nn(N)nc1N(=O)=O,2,4,6,2,0,4,2,0,2,4,2
384,,Nc1c(N(=O)=O)nnn1N,2,4,6,2,0,4,2,0,2,4,2
385,,Nc2nnc(c1nonc1N)o2,4,4,6,2,0,4,2,2,4,4,0
386,,Nc2[nH+]nc(c1nonc1[N-]N(=O)=O)o2,4,3,7,4,0,3,0,3,4,7,1
387,,C[C@]12CC(OO)(OO)C[C@@]1(C)CC(OO)(OO)C2,10,18,0,8,10,18,0,8,0,0,0
388,,[H][C@@]12CC(OO)(OO)C[C@]1(C)CC(OO)(OO)C2,9,16,0,8,9,16,0,8,0,0,0
389,,[H][C@]12CC(OO)(OO)C[C@@]1([H])CC(OO)(OO)C2,8,14,0,8,8,14,0,8,0,0,0
390,,OOC(OO)c1ccc(C(OO)OO)cc1,8,10,0,8,2,10,0,8,6,0,0
391,,OOC1(OO)CCC(OO)(OO)CC1,6,12,0,8,6,12,0,8,0,0,0
392,,N/N=C(N)/c1nonc1N,3,6,6,1,0,6,3,1,3,3,0
393,,O=N(=O)c1nonc1c2ncon2,4,1,5,4,0,1,0,1,4,5,3
394,,N/N=C(N)/c1nonc1NN,3,7,7,1,0,7,4,1,3,3,0
395,,O=N(=O)c1nonc1c2nnc[nH]2,4,2,6,3,0,2,1,1,4,5,2
396,,O=N(=O)N(CN(c1nonc1c2ncon2)N(=O)=O)c3nonc3c4ncon4,9,4,12,8,1,4,2,2,8,10,6
397,,N/N=C(N)/c1nonc1N(CN(c2nonc2/C(N)=N/N)N(=O)=O)N(=O)=O,7,10,14,6,1,10,6,2,6,8,4
398,,O=N(=O)N(CN(c1nonc1c2nnn[nH]2)N(=O)=O)c3nonc3c4nnn[nH]4,7,4,16,6,1,4,2,2,6,14,4
399,,O=N(=O)N(CCN(c1nonc1c2ncon2)N(=O)=O)c3nonc3c4ncon4,10,6,12,8,2,6,2,2,8,10,6
400,,N/N=C(N)/c1nonc1N(CCN(c2nonc2/C(N)=N/N)N(=O)=O)N(=O)=O,8,12,14,6,2,12,6,2,6,8,4
401,,O=N(=O)N(CCN(c1nonc1c2nnn[nH]2)N(=O)=O)c3nonc3c4nnn[nH]4,8,6,16,6,2,6,2,2,6,14,4
402,,N#N=Nc1n[nH]c(NN(=O)=O)n1,2,2,8,2,0,2,1,0,2,7,2
403,,O=N(=O)c1nn(O)c(N(=O)=O)c1N(=O)=O,3,1,5,7,0,1,0,1,3,5,6
404,,O=N(=O)c7ccc(n1nc5c(n1)c3nn(c2ccc(N(=O)=O)cc2N(=O)=O)nc3c6nn(c4ccc(N(=O)=O)cc4N(=O)=O)nc56)c(N(=O)=O)c7,24,9,15,12,0,9,3,0,24,12,12
405,,n1nc3c([nH]1)c2nn[nH]c2c4nn[nH]c34,6,3,9,0,0,3,3,0,6,6,0
406,,O=N(=O)n1nc3c(n1)c2nn(N(=O)=O)nc2c4nn(N(=O)=O)nc34,6,0,12,6,0,0,3,0,6,9,6
407,,O=N(=O)n4nc3c1n[nH]nc1c2nn(N(=O)=O)nc2c3n4,6,1,11,4,0,1,2,0,6,9,4
408,,CN(c1c(N(=O)=O)n[nH]c1N(=O)=O)N(=O)=O,4,4,6,6,1,4,1,0,3,5,6
409,,CN(c1c(N(=O)=O)nn(N)c1N(=O)=O)N(=O)=O,4,5,7,6,1,5,2,0,3,5,6
410,,Nc1c(N(=O)=O)nn(N)c1N(=O)=O,3,4,6,4,0,4,1,0,3,5,4
411,,N=C(N)Nc1c(N(=O)=O)n[nH]c1N(=O)=O,4,5,7,4,0,5,2,0,4,5,4
412,,N=C(Nc1c(N(=O)=O)n[nH]c1N(=O)=O)NN(=O)=O,4,4,8,6,0,4,2,0,4,6,6
413,,Cn1nc(N(=O)=O)c(N=N#N)c1N(=O)=O,4,3,7,4,1,3,0,0,3,7,4
414,,Cn1nc(N(=O)=O)c([N+]#N)c1[O-],4,3,5,3,1,3,1,0,3,4,3
415,,Cn2nc(N(=O)=O)c1[nH]nn(=O)c12,4,4,6,3,1,4,2,1,3,4,2
416,,Cn1nc(N(=O)=O)c(N)c1N(=O)=O,4,5,5,4,1,5,0,0,3,5,4
417,,Cn1nc(N(=O)=O)c(N(=O)=O)c1N(=O)=O,4,3,5,6,1,3,0,0,3,5,6
418,,O=N(=O)C(CNc1nnn[nH]1)(N(=O)=O)N(=O)=O,3,4,8,6,2,4,1,0,1,7,6
419,,Cn1nnnc1NCC(N(=O)=O)(N(=O)=O)N(=O)=O,4,6,8,6,3,6,1,0,1,7,6
420,,COn1nnnc1NCC(N(=O)=O)(N(=O)=O)N(=O)=O,4,6,8,7,3,6,1,1,1,7,6
421,,O=N(=O)C(CNc1nnnn1CCO)(N(=O)=O)N(=O)=O,5,8,8,7,4,8,1,1,1,7,6
422,,O=N(=O)C(CNc1nnnn1CCn2nnnc2NCC(N(=O)=O)(N(=O)=O)N(=O)=O)(N(=O)=O)N(=O)=O,8,10,16,12,6,10,4,0,2,12,12
423,,O=N(=O)C(CNc1nnnn1OCCOn2nnnc2NCC(N(=O)=O)(N(=O)=O)N(=O)=O)(N(=O)=O)N(=O)=O,8,10,16,14,6,10,2,2,2,14,12
424,4a,Nn1cnc(N(=O)=O)c1N(=O)=O,3,3,5,4,0,3,1,0,3,4,4
425,4b,Nn1cc(N(=O)=O)nc1N(=O)=O,3,3,5,4,0,3,1,0,3,4,4
426,4c,Nn1cnc(N(=O)=O)c1,3,4,4,2,0,4,2,0,3,2,2
427,4d,N#N=Nc1c(N(=O)=O)ncn1N,3,3,7,2,0,3,2,0,3,5,2
428,4g,Nn1c(N(=O)=O)cnc1c2ncc(N(=O)=O)n2N,6,6,8,4,0,6,4,0,6,4,4
429,6a,O=N(=O)c1ncn(NCC(N(=O)=O)(N(=O)=O)N(=O)=O)c1N(=O)=O,5,4,8,10,2,4,1,0,3,7,10
430,6b,O=N(=O)c1cn(NCC(N(=O)=O)(N(=O)=O)N(=O)=O)c(N(=O)=O)n1,5,4,8,10,2,4,1,0,3,7,10
431,6c,O=N(=O)c1cn(NCC(N(=O)=O)(N(=O)=O)N(=O)=O)cn1,5,5,7,8,2,5,2,0,3,5,8
432,6d,N#N=Nc1c(N(=O)=O)ncn1NCC(N(=O)=O)(N(=O)=O)N(=O)=O,5,4,10,8,2,4,2,0,3,8,8
433,,Nc2c(N(=O)=O)nn(CCn1nc(N(=O)=O)c(N)c1N(=O)=O)c2N(=O)=O,8,8,10,8,2,8,0,0,6,10,8
434,,O=N(=O)Nc2c(N(=O)=O)nn(CCn1nc(N(=O)=O)c(NN(=O)=O)c1N(=O)=O)c2N(=O)=O,8,6,12,12,2,6,2,0,6,10,12
435,,N#[N+]c2c([O-])n(CCn1nc(N(=O)=O)c([N+]#N)c1[O-])nc2N(=O)=O,8,4,10,6,2,4,2,0,6,8,6
436,,O=N(=O)c2nn(CCn1nc(N(=O)=O)c(N(=O)=O)c1N(=O)=O)c(N(=O)=O)c2N(=O)=O,8,4,10,12,2,4,0,0,6,10,12
437,,N#N=Nc1c(N(=O)=O)c(N(=O)=O)nn1CCn2nc(N(=O)=O)c(N(=O)=O)c2N=N#N,8,4,14,8,2,4,2,0,6,12,8
438,,N#N=Nc2c(N(=O)=O)nn(CCn1nc(N(=O)=O)c(N=N#N)c1N(=O)=O)c2N(=O)=O,8,4,14,8,2,4,0,0,6,14,8
439,,Nc1c(N(=O)=O)c(N(=O)=O)nn1CCn2nc(N(=O)=O)c(N(=O)=O)c2N,8,8,10,8,2,8,4,0,6,6,8
440,,O=N(=O)Nc1c(N(=O)=O)c(N(=O)=O)nn1CCn2nc(N(=O)=O)c(N(=O)=O)c2NN(=O)=O,8,6,12,12,2,6,2,0,6,10,12
441,,O=N(=O)/C1=N/NC2/C(N(=O)=O)=N\NC12,4,4,6,4,2,4,2,0,2,4,4
442,,O=n3nc2nc1nonc1[nH]c2n3,4,1,7,2,0,1,1,1,4,6,1
443,,O=N(=O)C(CNc2nc1nonc1nc2NCC(N(=O)=O)(N(=O)=O)N(=O)=O)(N(=O)=O)N(=O)=O,8,6,12,13,4,6,2,1,4,10,12
444,,Nc3c(N(=O)=O)nn(Cc2nnc(Cn1nc(N(=O)=O)c(N)c1N(=O)=O)n2N)c3N(=O)=O,10,10,14,8,2,10,2,0,8,12,8
445,,Nn2c(Cn1cc(N(=O)=O)c(N(=O)=O)n1)nnc2Cn3ncc(N(=O)=O)c3N(=O)=O,10,8,12,8,2,8,2,0,8,10,8
446,,O=N(=O)Nc3c(N(=O)=O)nn(Cc2n[nH]c(Cn1nc(N(=O)=O)c(NN(=O)=O)c1N(=O)=O)n2)c3N(=O)=O,10,7,15,12,2,7,2,0,8,13,12
447,,Nn2c(Cn1nc(N(=O)=O)c(N(=O)=O)c1N(=O)=O)nnc2Cn3nc(N(=O)=O)c(N(=O)=O)c3N(=O)=O,10,6,14,12,2,6,2,0,8,12,12
448,,O=N(=O)c3nn(Cc2n[nH]c(Cn1nc(N(=O)=O)c(N(=O)=O)c1N(=O)=O)n2)c(N(=O)=O)c3N(=O)=O,10,5,13,12,2,5,0,0,8,13,12
449,,O=N(=O)c3nn(Cc2nc(Cn1nc(N(=O)=O)c(N(=O)=O)c1N(=O)=O)n(N(=O)=O)n2)c(N(=O)=O)c3N(=O)=O,10,4,14,14,2,4,1,0,8,13,14
450,,Nc6c(N(=O)=O)nn(Cc2nnc(Cn1nc(N(=O)=O)c(N)c1N(=O)=O)n2/N=N/n4c(Cn3nc(N(=O)=O)c(N)c3N(=O)=O)nnc4Cn5nc(N(=O)=O)c(N)c5N(=O)=O)c6N(=O)=O,20,16,28,16,4,16,2,0,16,26,16
451,,O=N(=O)c6cnn(Cc2nnc(Cn1cc(N(=O)=O)c(N(=O)=O)n1)n2/N=N/n4c(Cn3cc(N(=O)=O)c(N(=O)=O)n3)nnc4Cn5cc(N(=O)=O)c(N(=O)=O)n5)c6N(=O)=O,20,12,24,16,4,12,3,0,16,21,16
452,,O=N(=O)c6nn(Cc2nnc(Cn1nc(N(=O)=O)c(N(=O)=O)c1N(=O)=O)n2/N=N/n4c(Cn3nc(N(=O)=O)c(N(=O)=O)c3N(=O)=O)nnc4Cn5nc(N(=O)=O)c(N(=O)=O)c5N(=O)=O)c(N(=O)=O)c6N(=O)=O,20,8,28,24,4,8,2,0,16,26,24
453,,Nn3c(Cn2nc(N(=O)=O)c1[nH]nn(=O)c12)nnc3Cn5nc(N(=O)=O)c4[nH]nn(=O)c45,10,8,16,6,2,8,6,0,8,10,6
454,,N/C(N)=C(N(=O)=O)\N(=O)=O,2,4,4,4,1,4,0,0,1,4,4
455,,O=N(=O)c1n[nH]c2c(N(=O)=O)n[nH]c12,4,2,6,4,0,2,0,0,4,6,4
456,,O=N(=O)OCn1nc(N(=O)=O)c2c1c(N(=O)=O)nn2CON(=O)=O,6,4,8,10,2,4,2,2,4,6,8
457,,O=N(=O)c1nn(N(=O)=O)c2c(N(=O)=O)nn(N(=O)=O)c12,4,0,8,8,0,0,2,0,4,6,8
458,,Nn1nc(N(=O)=O)c2c1c(N(=O)=O)nn2N,4,4,8,4,0,4,2,0,4,6,4
459,,O=N(=O)Nn1nc(N(=O)=O)c2c1c(N(=O)=O)nn2NN(=O)=O,4,2,10,8,0,2,4,0,4,6,8
460,,N/C(N)=C(N(=O)=O)\N(=O)=O,2,4,4,4,1,4,0,0,1,4,4
461,,NN/C(N)=C(N(=O)=O)/N(=O)=O,2,5,5,4,1,5,1,0,1,4,4
462,,N/C(=N\N=C\C=N\N=C(N)\C(N(=O)=O)N(=O)=O)C(N(=O)=O)N(=O)=O,6,8,10,8,2,8,2,0,4,8,8
463,,O=N(=O)OCn1nc(N(=O)=O)c2c1c(N(=O)=O)nn2CON(=O)=O,6,4,8,10,2,4,2,2,4,6,8
464,,O=N(=O)OCn3c1nonc1n(CON(=O)=O)c2nonc23,6,4,8,8,2,4,2,4,4,6,4
465,,O=c3n(CON(=O)=O)c2nc1nonc1nc2n3CON(=O)=O,7,4,8,8,2,4,2,3,5,6,5
466,,O=N(=O)OCn1nc(N(=O)=O)nc1c2nc(N(=O)=O)nn2CON(=O)=O,6,4,10,10,2,4,2,2,4,8,8
467,,N#N=NCn1nc(N(=O)=O)c2c1c(N(=O)=O)nn2CN=N#N,6,4,12,4,2,4,2,0,4,10,4
468,,N#N=NCn3c1nonc1n(CN=N#N)c2nonc23,6,4,12,2,2,4,2,2,4,10,0
469,,O=N(=O)Nc1nonc1/N=N/c2nonc2NN(=O)=O,4,2,10,6,0,2,2,2,4,8,4
470,,O=N(=O)Nc2nc(/N=N/c1noc(NN(=O)=O)n1)no2,4,2,10,6,0,2,2,2,4,8,4
471,,Nc1c(N(=O)=O)nn(O)c1N(=O)=O,3,3,5,5,0,3,0,1,3,5,4
472,,O=c1[nH]c(C(N(=O)=O)N(=O)=O)no1,3,2,4,6,1,2,1,1,2,3,5
473,,O=N(=O)C(c2nc(/N=N/c1noc(C(N(=O)=O)N(=O)=O)n1)no2)N(=O)=O,6,2,10,10,2,2,0,2,4,10,8
474,,O=N(=O)C(c1nc(C(N(=O)=O)(N(=O)=O)N(=O)=O)n[nH]1)N(=O)=O,4,2,8,10,2,2,0,0,2,8,10
475,,Nc2nnc1nonc1c2N(=O)=O,4,2,6,3,0,2,0,1,4,6,2
476,,Nc2nn(=O)c1nonc1c2N(=O)=O,4,2,6,4,0,2,0,1,4,6,3
477,,Nc1nnc2n(N)cnn12,3,5,7,0,0,5,4,0,3,3,0
478,,O=N(=O)N=c1[nH]nc2[nH]cnn12,3,3,7,2,0,3,2,0,3,5,2
479,,Nc2c(N(=O)=O)nn(Cc1nnn[nH]1)c2N(=O)=O,5,5,9,4,1,5,0,0,4,9,4
480,,O=N(=O)c2nn(Cc1nnn[nH]1)c(N(=O)=O)c2N(=O)=O,5,3,9,6,1,3,0,0,4,9,6
481,,N#N=Nc2c(N(=O)=O)nn(Cc1nnn[nH]1)c2N(=O)=O,5,3,11,4,1,3,0,0,4,11,4
482,,O=C(c1nnc(C(N(=O)=O)(N(=O)=O)N(=O)=O)o1)c2nnc(C(N(=O)=O)(N(=O)=O)N(=O)=O)o2,7,0,10,15,2,0,0,2,5,10,13
483,5a,O=N(=O)c3nn2Cn1nc(N(=O)=O)c(N(=O)=O)c1Nc2c3N(=O)=O,7,3,9,8,1,3,3,0,6,6,8
484,5b,O=N(=O)c3nn2CCn1nc(N(=O)=O)c(N(=O)=O)c1Nc2c3N(=O)=O,8,5,9,8,2,5,1,0,6,8,8
485,,NN2c1c(N(=O)=O)c(N(=O)=O)nn1Cn3nc(N(=O)=O)c(N(=O)=O)c23,7,4,10,8,1,4,4,0,6,6,8
486,,O=N(=O)NN2c1c(N(=O)=O)c(N(=O)=O)nn1Cn3nc(N(=O)=O)c(N(=O)=O)c23,7,3,11,10,1,3,2,0,6,9,10
487,,O=N(=O)C(c1nnc(C(N(=O)=O)N(=O)=O)o1)N(=O)=O,4,2,6,9,2,2,0,1,2,6,8
488,,O=N(=O)C(c1nnc(C(N(=O)=O)(N(=O)=O)N(=O)=O)o1)(N(=O)=O)N(=O)=O,4,0,8,13,2,0,0,1,2,8,12
489,,O=N(=O)Nc1c(N(=O)=O)c(N(=O)=O)nn1CCn2nc(N(=O)=O)c(N(=O)=O)c2NN(=O)=O,8,6,12,12,2,6,2,0,6,10,12
490,,O=N(=O)N=c1[nH]nnn1CCn2nc(N(=O)=O)c(N(=O)=O)c2N(=O)=O,6,5,11,8,2,5,2,0,4,9,8
491,,Nc1c(N(=O)=O)c(N(=O)=O)nn1CCn2nn[nH]c2=NN(=O)=O,6,7,11,6,2,7,4,0,4,7,6
492,,O=N(=O)N=c1[nH]nnn1CCn2nc(N(=O)=O)c(N(=O)=O)c2NN(=O)=O,6,6,12,8,2,6,3,0,4,9,8
493,,N#N=Nc1c(N(=O)=O)c(N(=O)=O)nn1CCn2nnnc2N,6,6,12,4,2,6,2,0,4,10,4
494,,N#N=Nc1c(N(=O)=O)c(N(=O)=O)nn1CCn2nn[nH]c2=NN(=O)=O,6,5,13,6,2,5,3,0,4,10,6
495,,N#N=Nc2c(N(=O)=O)nn(CCn1nn[nH]c1=NN(=O)=O)c2N(=O)=O,6,5,13,6,2,5,2,0,4,11,6
496,,N#Cc2nc1nnc(N(=O)=O)c(N)n1n2,5,2,8,2,0,2,1,0,5,7,2
497,,Nc2c(N(=O)=O)nnc3nc(c1nnn[nH]1)nn23,5,3,11,2,0,3,1,0,5,10,2
498,,N#N=Nc2c(N(=O)=O)nc3c1nc(N(=O)=O)c(N=N#N)n1nnn23,6,0,14,4,0,0,2,0,6,12,4
499,,O/N=C(c1nnn[nH]1)/c2nnn[nH]2,3,3,9,1,0,3,0,1,3,9,0
500,,NC(c1nnn[nH]1)c2nnn[nH]2,3,5,9,0,1,5,1,0,2,8,0
501,,O=N(=O)C(c1nnn[nH]1)c2nnn[nH]2,3,3,9,2,1,3,0,0,2,9,2
502,,O=N(=O)Cn3nc(c1nnn[nH]1)c(c2nnn[nH]2)n3,5,4,12,2,1,4,1,0,4,11,2
503,,O=N(=O)n2ccc(c1ccn(N(=O)=O)n1)n2,6,4,6,4,0,4,2,0,6,4,4
504,,O=N(=O)c2cc(c1cc(N(=O)=O)n[nH]1)[nH]n2,6,4,6,4,0,4,0,0,6,6,4
505,,O=N(=O)c2n[nH]c(c1[nH]nc(N(=O)=O)c1N(=O)=O)c2N(=O)=O,6,2,8,8,0,2,0,0,6,8,8
506,,O=N(=O)c1c[nH]nc1c2n[nH]cc2N(=O)=O,6,4,6,4,0,4,0,0,6,6,4
507,,O=N(=O)c1cn(N(=O)=O)nc1c2nn(N(=O)=O)cc2N(=O)=O,6,2,8,8,0,2,2,0,6,6,8
508,,O=N(=O)c2cc(c1cc(N(=O)=O)nn1N(=O)=O)n(N(=O)=O)n2,6,2,8,8,0,2,2,0,6,6,8
509,1c,CCCOC(=O)c1nonc1N,6,9,3,3,3,9,1,2,3,2,1
510,2c,Nc2noc(c1nonc1N)n2,4,4,6,2,0,4,2,2,4,4,0
511,3c,Nc4noc(c1nonc1/N=N/c2nonc2c3nc(N)no3)n4,8,4,12,4,0,4,2,4,8,10,0
512,1d,Nc2nc(c1nonc1N)n[nH]2,4,5,7,1,0,5,2,1,4,5,0
513,,O=N(=O)c3nn2CCn1nc(N(=O)=O)c(N(=O)=O)c1c2c3N(=O)=O,8,4,8,8,2,4,2,0,6,6,8
514,,O=N(=O)c3nn2CCCn1nc(N(=O)=O)c(N(=O)=O)c1c2c3N(=O)=O,9,6,8,8,3,6,0,0,6,8,8
515,,O=N(=O)c3nc2c1nc(N(=O)=O)nn1CCn2n3,6,4,8,4,2,4,2,0,4,6,4
516,,O=N(=O)c3nc2c1nc(N(=O)=O)nn1CCCn2n3,7,6,8,4,3,6,2,0,4,6,4
517,,O=C(NCNC(=O)NCC(N(=O)=O)(N(=O)=O)N(=O)=O)NCC(N(=O)=O)(N(=O)=O)N(=O)=O,7,10,10,14,5,10,4,0,2,6,14
518,,O=C(NCC(N(=O)=O)(N(=O)=O)N(=O)=O)N(CN(C(=O)NCC(N(=O)=O)(N(=O)=O)N(=O)=O)N(=O)=O)N(=O)=O,7,8,12,18,5,8,4,0,2,8,18
519,,O=N(=O)Nc1nnc2nncnn12,3,2,8,2,0,2,2,0,3,6,2
520,,c4nnc3nnc(/N=N\c1nnc2nncnn12)n3n4,6,2,14,0,0,2,2,0,6,12,0
521,,N#N=Nc2nnc1nnc(N)n1n2,3,2,10,0,0,2,1,0,3,9,0
522,,N#N=Nc2nnc1nnc(NN(=O)=O)n1n2,3,1,11,2,0,1,1,0,3,10,2
523,,N#N=Nc4nnc3nnc(/N=N\c1nnc2nnc(N=N#N)nn12)n3n4,6,0,20,0,0,0,2,0,6,18,0
524,,O=N(=O)c2cnn(CN(Cn1cc(N(=O)=O)cn1)N(=O)=O)c2,8,8,8,6,2,8,1,0,6,7,6
525,,O=N(=O)c2cc(N(=O)=O)n(CN(Cn1nc(N(=O)=O)cc1N(=O)=O)N(=O)=O)n2,8,6,10,10,2,6,1,0,6,9,10
526,,O=N(=O)c2cn(CN(Cn1cc(N(=O)=O)c(N(=O)=O)n1)N(=O)=O)nc2N(=O)=O,8,6,10,10,2,6,1,0,6,9,10
527,,Nc2c(N(=O)=O)nn(CN(Cn1nc(N(=O)=O)c(N)c1N(=O)=O)N(=O)=O)c2N(=O)=O,8,8,12,10,2,8,1,0,6,11,10
528,,N#N=Nc2c(N(=O)=O)nn(CN(Cn1nc(N(=O)=O)c(N=N#N)c1N(=O)=O)N(=O)=O)c2N(=O)=O,8,4,16,10,2,4,1,0,6,15,10
529,,N#N=Nc1c(N(=O)=O)c(N(=O)=O)nn1CN(Cn2nc(N(=O)=O)c(N(=O)=O)c2N=N#N)N(=O)=O,8,4,16,10,2,4,3,0,6,13,10
530,RDX,C1N(CN(CN1[N+](=O)[O-])[N+](=O)[O-])[N+](=O)[O-],3,6,6,6,3,6,3,0,0,3,6
531,HMX,C1N(CN(CN(CN1[N+](=O)[O-])[N+](=O)[O-])[N+](=O)[O-])[N+](=O)[O-],4,8,8,8,4,8,4,0,0,4,8
